,Model,Scenario,Region,Variable,Unit,year,gwl
0,IMAGE 3.4,SSP2,World,Temperature Change,Degrees Celcius,1971,0.2768
1,IMAGE 3.4,SSP2,World,Temperature Change,Degrees Celcius,1972,0.2936
2,IMAGE 3.4,SSP2,World,Temperature Change,Degrees Celcius,1973,0.3104
3,IMAGE 3.4,SSP2,World,Temperature Change,Degrees Celcius,1974,0.3272
4,IMAGE 3.4,SSP2,World,Temperature Change,Degrees Celcius,1975,0.344
5,IMAGE 3.4,SSP2,World,Temperature Change,Degrees Celcius,1976,0.3607999
6,IMAGE 3.4,SSP2,World,Temperature Change,Degrees Celcius,1977,0.3775999
7,IMAGE 3.4,SSP2,World,Temperature Change,Degrees Celcius,1978,0.3943999
8,IMAGE 3.4,SSP2,World,Temperature Change,Degrees Celcius,1979,0.4111999
9,IMAGE 3.4,SSP2,World,Temperature Change,Degrees Celcius,1980,0.4279999
10,IMAGE 3.4,SSP2,World,Temperature Change,Degrees Celcius,1981,0.4447999
11,IMAGE 3.4,SSP2,World,Temperature Change,Degrees Celcius,1982,0.4615999
12,IMAGE 3.4,SSP2,World,Temperature Change,Degrees Celcius,1983,0.4783998
13,IMAGE 3.4,SSP2,World,Temperature Change,Degrees Celcius,1984,0.4951998
14,IMAGE 3.4,SSP2,World,Temperature Change,Degrees Celcius,1985,0.5119998
15,IMAGE 3.4,SSP2,World,Temperature Change,Degrees Celcius,1986,0.5287998
16,IMAGE 3.4,SSP2,World,Temperature Change,Degrees Celcius,1987,0.5455998
17,IMAGE 3.4,SSP2,World,Temperature Change,Degrees Celcius,1988,0.5623998
18,IMAGE 3.4,SSP2,World,Temperature Change,Degrees Celcius,1989,0.5791998
19,IMAGE 3.4,SSP2,World,Temperature Change,Degrees Celcius,1990,0.5959998
20,IMAGE 3.4,SSP2,World,Temperature Change,Degrees Celcius,1991,0.6127998
21,IMAGE 3.4,SSP2,World,Temperature Change,Degrees Celcius,1992,0.6295998
22,IMAGE 3.4,SSP2,World,Temperature Change,Degrees Celcius,1993,0.6463997
23,IMAGE 3.4,SSP2,World,Temperature Change,Degrees Celcius,1994,0.6631997
24,IMAGE 3.4,SSP2,World,Temperature Change,Degrees Celcius,1995,0.6799997
25,IMAGE 3.4,SSP2,World,Temperature Change,Degrees Celcius,1996,0.6967997
26,IMAGE 3.4,SSP2,World,Temperature Change,Degrees Celcius,1997,0.7135997
27,IMAGE 3.4,SSP2,World,Temperature Change,Degrees Celcius,1998,0.7303997
28,IMAGE 3.4,SSP2,World,Temperature Change,Degrees Celcius,1999,0.7471997
29,IMAGE 3.4,SSP2,World,Temperature Change,Degrees Celcius,2000,0.7639996
30,IMAGE 3.4,SSP2,World,Temperature Change,Degrees Celcius,2001,0.7807996
31,IMAGE 3.4,SSP2,World,Temperature Change,Degrees Celcius,2002,0.7975996
32,IMAGE 3.4,SSP2,World,Temperature Change,Degrees Celcius,2003,0.8143996
33,IMAGE 3.4,SSP2,World,Temperature Change,Degrees Celcius,2004,0.8311996
34,IMAGE 3.4,SSP2,World,Temperature Change,Degrees Celcius,2005,0.8479996
35,IMAGE 3.4,SSP2,World,Temperature Change,Degrees Celcius,2006,0.8647996
36,IMAGE 3.4,SSP2,World,Temperature Change,Degrees Celcius,2007,0.8815995
37,IMAGE 3.4,SSP2,World,Temperature Change,Degrees Celcius,2008,0.8983995
38,IMAGE 3.4,SSP2,World,Temperature Change,Degrees Celcius,2009,0.9151995
39,IMAGE 3.4,SSP2,World,Temperature Change,Degrees Celcius,2010,0.9319995
40,IMAGE 3.4,SSP2,World,Temperature Change,Degrees Celcius,2011,0.9487995
41,IMAGE 3.4,SSP2,World,Temperature Change,Degrees Celcius,2012,0.9655995
42,IMAGE 3.4,SSP2,World,Temperature Change,Degrees Celcius,2013,0.9823995
43,IMAGE 3.4,SSP2,World,Temperature Change,Degrees Celcius,2014,0.9991995
44,IMAGE 3.4,SSP2,World,Temperature Change,Degrees Celcius,2015,1.015999
45,IMAGE 3.4,SSP2,World,Temperature Change,Degrees Celcius,2016,1.032799
46,IMAGE 3.4,SSP2,World,Temperature Change,Degrees Celcius,2017,1.0496
47,IMAGE 3.4,SSP2,World,Temperature Change,Degrees Celcius,2018,1.0664
48,IMAGE 3.4,SSP2,World,Temperature Change,Degrees Celcius,2019,1.0832
49,IMAGE 3.4,SSP2,World,Temperature Change,Degrees Celcius,2020,1.1
50,IMAGE 3.4,SSP2,World,Temperature Change,Degrees Celcius,2021,1.1
51,IMAGE 3.4,SSP2,World,Temperature Change,Degrees Celcius,2022,1.121835
52,IMAGE 3.4,SSP2,World,Temperature Change,Degrees Celcius,2023,1.144789
53,IMAGE 3.4,SSP2,World,Temperature Change,Degrees Celcius,2024,1.167929
54,IMAGE 3.4,SSP2,World,Temperature Change,Degrees Celcius,2025,1.19126
55,IMAGE 3.4,SSP2,World,Temperature Change,Degrees Celcius,2026,1.214875
56,IMAGE 3.4,SSP2,World,Temperature Change,Degrees Celcius,2027,1.238945
57,IMAGE 3.4,SSP2,World,Temperature Change,Degrees Celcius,2028,1.263112
58,IMAGE 3.4,SSP2,World,Temperature Change,Degrees Celcius,2029,1.287401
59,IMAGE 3.4,SSP2,World,Temperature Change,Degrees Celcius,2030,1.311853
60,IMAGE 3.4,SSP2,World,Temperature Change,Degrees Celcius,2031,1.336482
61,IMAGE 3.4,SSP2,World,Temperature Change,Degrees Celcius,2032,1.361353
62,IMAGE 3.4,SSP2,World,Temperature Change,Degrees Celcius,2033,1.386488
63,IMAGE 3.4,SSP2,World,Temperature Change,Degrees Celcius,2034,1.411966
64,IMAGE 3.4,SSP2,World,Temperature Change,Degrees Celcius,2035,1.437853
65,IMAGE 3.4,SSP2,World,Temperature Change,Degrees Celcius,2036,1.464131
66,IMAGE 3.4,SSP2,World,Temperature Change,Degrees Celcius,2037,1.490916
67,IMAGE 3.4,SSP2,World,Temperature Change,Degrees Celcius,2038,1.518088
68,IMAGE 3.4,SSP2,World,Temperature Change,Degrees Celcius,2039,1.545565
69,IMAGE 3.4,SSP2,World,Temperature Change,Degrees Celcius,2040,1.573306
70,IMAGE 3.4,SSP2,World,Temperature Change,Degrees Celcius,2041,1.601318
71,IMAGE 3.4,SSP2,World,Temperature Change,Degrees Celcius,2042,1.629707
72,IMAGE 3.4,SSP2,World,Temperature Change,Degrees Celcius,2043,1.658441
73,IMAGE 3.4,SSP2,World,Temperature Change,Degrees Celcius,2044,1.68749
74,IMAGE 3.4,SSP2,World,Temperature Change,Degrees Celcius,2045,1.716835
75,IMAGE 3.4,SSP2,World,Temperature Change,Degrees Celcius,2046,1.746425
76,IMAGE 3.4,SSP2,World,Temperature Change,Degrees Celcius,2047,1.776292
77,IMAGE 3.4,SSP2,World,Temperature Change,Degrees Celcius,2048,1.806403
78,IMAGE 3.4,SSP2,World,Temperature Change,Degrees Celcius,2049,1.83674
79,IMAGE 3.4,SSP2,World,Temperature Change,Degrees Celcius,2050,1.86727
80,IMAGE 3.4,SSP2,World,Temperature Change,Degrees Celcius,2051,1.897933
81,IMAGE 3.4,SSP2,World,Temperature Change,Degrees Celcius,2052,1.928661
82,IMAGE 3.4,SSP2,World,Temperature Change,Degrees Celcius,2053,1.959518
83,IMAGE 3.4,SSP2,World,Temperature Change,Degrees Celcius,2054,1.990442
84,IMAGE 3.4,SSP2,World,Temperature Change,Degrees Celcius,2055,2.021378
85,IMAGE 3.4,SSP2,World,Temperature Change,Degrees Celcius,2056,2.052305
86,IMAGE 3.4,SSP2,World,Temperature Change,Degrees Celcius,2057,2.083206
87,IMAGE 3.4,SSP2,World,Temperature Change,Degrees Celcius,2058,2.114069
88,IMAGE 3.4,SSP2,World,Temperature Change,Degrees Celcius,2059,2.144883
89,IMAGE 3.4,SSP2,World,Temperature Change,Degrees Celcius,2060,2.175638
90,IMAGE 3.4,SSP2,World,Temperature Change,Degrees Celcius,2061,2.206331
91,IMAGE 3.4,SSP2,World,Temperature Change,Degrees Celcius,2062,2.23699
92,IMAGE 3.4,SSP2,World,Temperature Change,Degrees Celcius,2063,2.267605
93,IMAGE 3.4,SSP2,World,Temperature Change,Degrees Celcius,2064,2.298177
94,IMAGE 3.4,SSP2,World,Temperature Change,Degrees Celcius,2065,2.328686
95,IMAGE 3.4,SSP2,World,Temperature Change,Degrees Celcius,2066,2.359127
96,IMAGE 3.4,SSP2,World,Temperature Change,Degrees Celcius,2067,2.389526
97,IMAGE 3.4,SSP2,World,Temperature Change,Degrees Celcius,2068,2.419879
98,IMAGE 3.4,SSP2,World,Temperature Change,Degrees Celcius,2069,2.450184
99,IMAGE 3.4,SSP2,World,Temperature Change,Degrees Celcius,2070,2.480449
100,IMAGE 3.4,SSP2,World,Temperature Change,Degrees Celcius,2071,2.510706
101,IMAGE 3.4,SSP2,World,Temperature Change,Degrees Celcius,2072,2.540991
102,IMAGE 3.4,SSP2,World,Temperature Change,Degrees Celcius,2073,2.571298
103,IMAGE 3.4,SSP2,World,Temperature Change,Degrees Celcius,2074,2.601618
104,IMAGE 3.4,SSP2,World,Temperature Change,Degrees Celcius,2075,2.631932
105,IMAGE 3.4,SSP2,World,Temperature Change,Degrees Celcius,2076,2.662247
106,IMAGE 3.4,SSP2,World,Temperature Change,Degrees Celcius,2077,2.69257
107,IMAGE 3.4,SSP2,World,Temperature Change,Degrees Celcius,2078,2.722908
108,IMAGE 3.4,SSP2,World,Temperature Change,Degrees Celcius,2079,2.753266
109,IMAGE 3.4,SSP2,World,Temperature Change,Degrees Celcius,2080,2.783638
110,IMAGE 3.4,SSP2,World,Temperature Change,Degrees Celcius,2081,2.813989
111,IMAGE 3.4,SSP2,World,Temperature Change,Degrees Celcius,2082,2.844265
112,IMAGE 3.4,SSP2,World,Temperature Change,Degrees Celcius,2083,2.874475
113,IMAGE 3.4,SSP2,World,Temperature Change,Degrees Celcius,2084,2.9046
114,IMAGE 3.4,SSP2,World,Temperature Change,Degrees Celcius,2085,2.934633
115,IMAGE 3.4,SSP2,World,Temperature Change,Degrees Celcius,2086,2.964555
116,IMAGE 3.4,SSP2,World,Temperature Change,Degrees Celcius,2087,2.994362
117,IMAGE 3.4,SSP2,World,Temperature Change,Degrees Celcius,2088,3.024063
118,IMAGE 3.4,SSP2,World,Temperature Change,Degrees Celcius,2089,3.053678
119,IMAGE 3.4,SSP2,World,Temperature Change,Degrees Celcius,2090,3.083198
120,IMAGE 3.4,SSP2,World,Temperature Change,Degrees Celcius,2091,3.112628
121,IMAGE 3.4,SSP2,World,Temperature Change,Degrees Celcius,2092,3.141955
122,IMAGE 3.4,SSP2,World,Temperature Change,Degrees Celcius,2093,3.171182
123,IMAGE 3.4,SSP2,World,Temperature Change,Degrees Celcius,2094,3.200323
124,IMAGE 3.4,SSP2,World,Temperature Change,Degrees Celcius,2095,3.229381
125,IMAGE 3.4,SSP2,World,Temperature Change,Degrees Celcius,2096,3.258363
126,IMAGE 3.4,SSP2,World,Temperature Change,Degrees Celcius,2097,3.287264
127,IMAGE 3.4,SSP2,World,Temperature Change,Degrees Celcius,2098,3.316097
128,IMAGE 3.4,SSP2,World,Temperature Change,Degrees Celcius,2099,3.344871
129,IMAGE 3.4,SSP2,World,Temperature Change,Degrees Celcius,2100,3.373593
